Open,High,Low,Close,Volume
11003.25,11078.150391,10935.599609,11029.400391,511500.0
11043.650391,11068.650391,10924.299805,11047.799805,470900.0
11094.799805,11146.900391,11037.849609,11053.900391,369500.0
11063.900391,11076.299805,10985.299805,11017.0,444700.0
11018.150391,11034.200195,10906.650391,10918.700195,557900.0
10905.299805,10908.25,10718.299805,10741.349609,668200.0
10699.599609,10862.549805,10637.150391,10829.349609,667100.0
11000.299805,11070.299805,10756.549805,11057.849609,684100.0
11106.549805,11141.75,11049.5,11105.349609,685600.0
11101.299805,11129.650391,10987.650391,11046.099609,550000.0
10996.049805,11021.099609,10922.400391,10948.299805,649900.0
10987.799805,11042.599609,10874.799805,11023.25,628200.0
10960.950195,10967.5,10772.700195,10797.900391,483000.0
10790.400391,10858.75,10746.349609,10844.650391,508800.0
10860.950195,10920.099609,10816.0,10847.900391,595700.0
10883.799805,10957.049805,10867.450195,10946.200195,497200.0
10936.700195,11028.849609,10889.799805,11003.049805,412500.0
11028.5,11054.799805,11011.650391,11035.700195,687100.0
11058.299805,11081.75,10964.950195,10982.799805,551400.0
10986.799805,11084.450195,10945.75,11075.900391,624300.0
10994.849609,11052.700195,10968.200195,11003.5,434500.0
11000.099609,11000.099609,10796.5,10817.599609,482000.0
10872.799805,10885.150391,10804.849609,10840.650391,519200.0
10845.200195,10845.200195,10670.25,10704.799805,642600.0
10746.799805,11381.900391,10691.0,11274.200195,1356800.0
11542.700195,11694.849609,11471.349609,11600.200195,882800.0
11590.700195,11655.049805,11539.200195,11588.200195,651700.0
11564.849609,11564.950195,11416.099609,11440.200195,629100.0
11469.849609,11610.849609,11466.349609,11571.200195,844500.0
11556.349609,11593.599609,11499.75,11512.400391,650000.0
11491.150391,11508.25,11390.799805,11474.450195,756800.0
11515.400391,11554.200195,11247.900391,11359.900391,1305400.0
11322.25,11370.400391,11257.349609,11314.0,1017500.0
11388.450195,11400.299805,11158.349609,11174.75,928500.0
11196.200195,11233.849609,11112.650391,11126.400391,733200.0
11152.950195,11321.599609,11090.150391,11313.299805,741100.0
11280.5,11293.349609,11208.549805,11234.549805,562000.0
11257.700195,11362.900391,11189.400391,11305.049805,737800.0
11335.900391,11420.450195,11290.049805,11341.150391,587600.0
11360.849609,11462.349609,11342.099609,11428.299805,527400.0
11464.950195,11481.049805,11411.099609,11464.0,533500.0
11466.299805,11599.099609,11439.650391,11586.349609,797600.0
11580.299805,11684.700195,11553.150391,11661.849609,853400.0
11657.150391,11714.349609,11573.650391,11588.349609,867600.0
11596.200195,11651.599609,11554.400391,11604.099609,664200.0
11661.650391,11679.599609,11534.650391,11582.599609,700500.0
11646.150391,11646.900391,11490.75,11583.900391,812000.0
11643.950195,11809.400391,11627.349609,11786.849609,951700.0
11883.900391,11883.950195,11784.450195,11844.099609,725200.0
11890.450195,11945.0,11855.099609,11877.450195,1414800.0
11886.599609,11918.299805,11843.349609,11890.599609,855300.0
11928.900391,11989.150391,11905.349609,11941.299805,823100.0
11974.599609,11978.950195,11861.900391,11917.200195,632000.0
11911.5,12002.900391,11850.25,11966.049805,603400.0
12021.099609,12021.400391,11946.849609,12012.049805,563000.0
11987.150391,12034.150391,11888.75,11908.150391,789300.0
11879.200195,11932.650391,11853.950195,11913.450195,549000.0
11908.299805,11946.799805,11823.200195,11840.450195,659000.0
11858.75,11895.650391,11802.650391,11872.099609,559500.0
11904.200195,11973.650391,11879.25,11895.450195,580200.0
11915.150391,11946.200195,11867.599609,11884.5,514400.0
11919.450195,11958.849609,11881.75,11940.099609,613900.0
12004.75,12038.599609,11966.049805,11999.099609,646700.0
12025.650391,12028.200195,11956.900391,11968.400391,557700.0
11967.299805,11968.099609,11883.5,11914.400391,486800.0
11922.450195,12084.5,11919.75,12073.75,534300.0
12110.200195,12132.450195,12006.349609,12037.700195,1201300.0
12068.5,12114.900391,12055.150391,12100.700195,584200.0
12132.099609,12158.799805,12099.950195,12151.150391,620500.0
12146.200195,12147.400391,12017.400391,12056.049805,804400.0
12137.049805,12137.150391,12023.700195,12048.200195,720900.0
12067.650391,12068.599609,11956.400391,11994.200195,605800.0
11969.950195,12054.700195,11935.299805,12043.200195,747200.0
12071.25,12081.200195,11998.75,12018.400391,562200.0
12047.349609,12057.049805,11888.849609,11921.5,609200.0
11939.099609,11981.950195,11888.049805,11937.5,599100.0
11950.5,11953.200195,11844.700195,11856.799805,650200.0
11867.349609,11923.200195,11832.299805,11910.150391,997700.0
11944.299805,12005.5,11934.0,11971.799805,752600.0
12026.400391,12098.849609,12023.599609,12086.700195,597700.0
12131.349609,12134.650391,12046.299805,12053.950195,437700.0
12082.450195,12182.75,12070.349609,12165.0,499600.0
12197.0,12237.700195,12163.450195,12221.650391,518900.0
12223.400391,12268.349609,12191.150391,12259.700195,623100.0
12266.450195,12293.900391,12252.75,12271.799805,810700.0
12235.450195,12287.150391,12213.25,12262.75,604800.0
12269.25,12283.700195,12202.099609,12214.549805,470300.0
12211.849609,12221.549805,12118.849609,12126.549805,520300.0
12172.900391,12258.450195,12157.900391,12245.799805,383800.0
12274.900391,12286.450195,12213.799805,12255.849609,411100.0
12247.099609,12247.099609,12151.799805,12168.450195,426900.0
12202.150391,12222.200195,12165.299805,12182.5,304100.0
12198.549805,12289.900391,12195.25,12282.200195,407700.0
12261.099609,12265.599609,12191.349609,12226.650391,428800.0
12170.599609,12179.099609,11974.200195,11993.049805,396500.0
12079.099609,12152.150391,12005.349609,12052.950195,447800.0
11939.099609,12044.950195,11929.599609,12025.349609,446000.0
12153.150391,12224.049805,12132.549805,12215.900391,477500.0
12271.0,12311.200195,12213.200195,12256.799805,660600.0
12296.700195,12337.75,12285.799805,12329.549805,501000.0
12333.099609,12374.25,12308.700195,12362.299805,616300.0
12349.400391,12355.150391,12278.75,12343.299805,684400.0
12347.099609,12389.049805,12315.799805,12355.5,395700.0
12328.400391,12385.450195,12321.400391,12352.349609,502100.0
12430.5,12430.5,12216.900391,12224.549805,491600.0
12195.299805,12230.049805,12162.299805,12169.849609,400.0
12218.349609,12225.049805,12087.900391,12106.900391,500.0
12123.75,12189.0,12094.099609,12180.349609,867700.0
12174.549805,12272.150391,12149.650391,12248.25,593200.0
12197.099609,12216.599609,12107.0,12119.0,441200.0
12148.099609,12163.549805,12024.5,12055.799805,478500.0
12114.900391,12169.599609,12103.799805,12129.5,514400.0
12147.75,12150.299805,12010.599609,12035.799805,538100.0
12100.400391,12103.549805,11945.849609,11962.099609,771300.0
11627.450195,11749.849609,11614.5,11707.900391,669800.0
11786.25,11986.150391,11783.400391,11979.650391,560400.0
12005.849609,12098.150391,11953.349609,12089.150391,758000.0
12120.0,12160.599609,12084.650391,12137.950195,565100.0
12151.150391,12154.700195,12073.950195,12098.349609,473500.0
12102.349609,12103.549805,11990.75,12031.5,524700.0
12108.400391,12172.299805,12099.0,12107.900391,480000.0
12151.0,12231.75,12144.299805,12201.200195,411700.0
12219.549805,12225.650391,12139.799805,12174.650391,501200.0
12190.150391,12246.700195,12091.200195,12113.450195,622800.0
12131.799805,12159.599609,12037.0,12045.799805,0.0
12028.25,12030.75,11908.049805,11992.5,676900.0
12090.599609,12134.700195,12042.099609,12125.900391,513600.0
12119.0,12152.0,12071.450195,12080.849609,502600.0
12012.549805,12012.549805,11813.400391,11829.400391,490800.0
11877.5,11883.049805,11779.900391,11797.900391,461000.0
11738.549805,11783.25,11639.599609,11678.5,567600.0
11661.25,11663.849609,11536.700195,11633.299805,608600.0
11382.0,11384.799805,11175.049805,11201.75,809900.0
11387.349609,11433.0,11036.25,11132.75,680800.0
11217.549805,11342.25,11152.549805,11303.299805,696500.0
11351.349609,11356.599609,11082.150391,11251.0,797700.0
11306.049805,11389.5,11244.599609,11269.0,1352500.0
10942.650391,11035.099609,10827.400391,10989.450195,1811000.0
10742.049805,10751.549805,10294.450195,10451.450195,1565500.0
10334.299805,10545.099609,10334.0,10458.400391,1218500.0
10039.950195,10040.75,9508.0,9590.150391,1343500.0
9107.599609,10159.400391,8555.150391,9955.200195,1388000.0
9587.799805,9602.200195,9165.099609,9197.400391,897700.0
9285.400391,9403.799805,8915.599609,8967.049805,935600.0
9088.450195,9127.549805,8407.049805,8468.799805,1516600.0
8063.299805,8575.450195,7832.549805,8263.450195,925700.0
8284.450195,8883.0,8178.200195,8745.450195,1071500.0
7945.700195,8159.25,7583.600098,7610.25,653500.0
7848.299805,8036.950195,7511.100098,7801.049805,738400.0
7735.149902,8376.75,7714.75,8317.849609,736900.0
8451.0,8749.049805,8304.900391,8641.450195,865600.0
8949.099609,9038.900391,8522.900391,8660.25,801500.0
8385.950195,8576.0,8244.0,8281.099609,593300.0
8529.349609,8678.299805,8358.0,8597.75,712700.0
8584.099609,8588.099609,8198.349609,8253.799805,506300.0
8356.549805,8356.549805,8055.799805,8083.799805,697000.0
8446.299805,8819.400391,8360.950195,8792.200195,814200.0
8688.900391,9131.700195,8653.900391,8748.75,896500.0
8973.049805,9128.349609,8904.549805,9111.900391,742100.0
9103.950195,9112.049805,8912.400391,8993.849609,644000.0
9196.400391,9261.200195,8874.099609,8925.299805,879100.0
8851.25,9053.75,8821.900391,8992.799805,719400.0
9323.450195,9324.0,9091.349609,9266.75,684200.0
9390.200195,9390.849609,9230.799805,9261.849609,726400.0
9016.950195,9044.400391,8909.400391,8981.450195,655100.0
9026.75,9209.75,8946.25,9187.299805,734400.0
9232.349609,9343.599609,9170.150391,9313.900391,666700.0
9163.900391,9296.900391,9141.299805,9154.400391,659400.0
9259.700195,9377.099609,9250.349609,9282.299805,512800.0
9389.799805,9404.400391,9260.0,9380.900391,614500.0
9408.599609,9599.849609,9392.349609,9553.349609,653000.0
9753.5,9889.049805,9731.5,9859.900391,931200.0
9533.5,9533.5,9266.950195,9293.5,687500.0
9429.400391,9450.900391,9190.75,9205.599609,725200.0
9226.799805,9346.900391,9116.5,9270.900391,722200.0
9234.049805,9277.849609,9175.900391,9199.049805,708700.0
9376.950195,9382.650391,9238.200195,9251.5,609100.0
9348.150391,9439.900391,9219.950195,9239.200195,704600.0
9168.849609,9240.849609,9043.950195,9196.549805,805500.0
9584.200195,9584.5,9351.099609,9383.549805,846400.0
9213.950195,9281.099609,9119.75,9142.75,602600.0
9182.400391,9182.400391,9050.0,9136.849609,575900.0
9158.299805,9158.299805,8806.75,8823.25,773000.0
8961.700195,9030.349609,8855.299805,8879.099609,762200.0
8889.150391,9093.799805,8875.349609,9066.549805,622300.0
9079.450195,9178.549805,9056.099609,9106.25,631500.0
9067.900391,9149.599609,8968.549805,9039.25,675800.0
9099.75,9161.650391,8996.650391,9029.049805,655000.0
9082.200195,9334.0,9004.25,9314.950195,763500.0
9364.950195,9511.25,9336.5,9490.099609,837900.0
9422.200195,9598.849609,9376.900391,9580.299805,967000.0
9726.849609,9931.599609,9706.950195,9826.150391,794200.0
9880.849609,9995.599609,9824.049805,9979.099609,770200.0
10108.299805,10176.200195,10035.549805,10061.549805,794700.0
10054.25,10123.849609,9944.25,10029.099609,775100.0
10093.799805,10177.799805,10040.75,10142.150391,987100.0
10326.75,10328.5,10120.25,10167.450195,936500.0
10181.150391,10291.150391,10021.450195,10046.650391,754200.0
10072.599609,10148.75,10036.849609,10116.150391,632400.0
10094.099609,10112.049805,9885.049805,9902.0,715500.0
9544.950195,9996.049805,9544.349609,9972.900391,796300.0
9919.349609,9943.349609,9726.349609,9813.700195,716100.0
10014.799805,10046.150391,9728.5,9914.0,899900.0
9876.700195,10003.599609,9833.799805,9881.150391,685400.0
9863.25,10111.200195,9845.049805,10091.650391,622900.0
10119.0,10272.400391,10072.650391,10244.400391,892100.0
10318.75,10393.650391,10277.599609,10311.200195,685400.0
10347.950195,10484.700195,10301.75,10471.0,669200.0
10529.25,10553.150391,10281.950195,10305.299805,854800.0
10235.549805,10361.799805,10194.5,10288.900391,994200.0
10378.900391,10409.849609,10311.25,10383.0,671900.0
10311.950195,10337.950195,10223.599609,10312.400391,574500.0
10382.599609,10401.049805,10267.349609,10302.099609,556200.0
10323.799805,10447.049805,10299.599609,10430.049805,573600.0
10493.049805,10598.200195,10485.549805,10551.700195,597400.0
10614.950195,10631.299805,10562.650391,10607.349609,525200.0
10723.849609,10811.400391,10695.099609,10763.650391,571200.0
10802.849609,10813.799805,10689.700195,10799.650391,636800.0
10818.650391,10847.849609,10676.549805,10705.75,767900.0
10755.549805,10836.849609,10733.0,10813.450195,618700.0
10764.099609,10819.400391,10713.0,10768.049805,590700.0
10851.849609,10894.049805,10756.049805,10802.700195,554100.0
10750.849609,10755.650391,10562.900391,10607.349609,532400.0
10701.0,10827.450195,10577.75,10618.200195,715900.0
10706.200195,10755.299805,10595.200195,10739.950195,694400.0
10752.0,10933.450195,10749.650391,10901.700195,676900.0
10999.450195,11037.900391,10953.0,11022.200195,554300.0
11126.099609,11179.549805,11113.25,11162.25,772000.0
11231.200195,11238.099609,11056.549805,11132.599609,765100.0
11135.0,11239.799805,11103.150391,11215.450195,621600.0
11149.950195,11225.400391,11090.299805,11194.150391,678900.0
11225.0,11225.0,11087.849609,11131.799805,588100.0
11154.099609,11317.75,11151.400391,11300.549805,683900.0
11276.900391,11341.400391,11149.75,11202.849609,600700.0
11254.299805,11299.950195,11084.950195,11102.150391,677800.0
11139.5,11150.400391,11026.650391,11073.450195,642600.0
11057.549805,11058.049805,10882.25,10891.599609,680900.0
10946.650391,11112.25,10908.099609,11095.25,625700.0
11155.75,11225.650391,11064.049805,11101.650391,667600.0
11185.700195,11256.799805,11127.299805,11200.150391,600400.0
11186.650391,11231.900391,11142.049805,11214.049805,452600.0
11270.25,11337.299805,11238.0,11270.150391,492000.0
11322.25,11373.599609,11299.150391,11322.5,586100.0
11289.0,11322.0,11242.650391,11308.400391,609900.0
11334.849609,11359.299805,11269.950195,11300.450195,562400.0
11353.299805,11366.25,11111.450195,11178.400391,645100.0
11248.900391,11267.099609,11144.5,11247.099609,634000.0
11259.799805,11401.700195,11253.150391,11385.349609,579200.0
11452.150391,11460.349609,11394.099609,11408.400391,626200.0
11317.450195,11361.450195,11289.799805,11312.200195,791600.0
11409.650391,11418.5,11362.200195,11371.599609,668700.0
11412.0,11497.25,11410.650391,11466.450195,532900.0
11513.099609,11525.900391,11423.349609,11472.25,638200.0
11512.849609,11561.75,11461.849609,11549.599609,743400.0
11609.299805,11617.349609,11540.599609,11559.25,719800.0
11602.950195,11686.049805,11589.400391,11647.599609,807000.0
11777.549805,11794.25,11325.849609,11387.5,1371800.0
11464.299805,11553.549805,11366.900391,11470.25,783800.0
11478.549805,11554.75,11430.400391,11535.0,593500.0
11566.200195,11584.950195,11507.650391,11527.450195,607100.0
11354.400391,11452.049805,11303.650391,11333.849609,681300.0
11359.599609,11381.150391,11251.700195,11355.049805,560300.0
11378.549805,11437.25,11290.450195,11317.349609,572200.0
11218.599609,11298.150391,11185.150391,11278.0,728900.0
11363.299805,11464.049805,11327.400391,11449.25,679400.0
11447.799805,11493.5,11419.900391,11464.450195,554800.0
11540.150391,11568.900391,11383.549805,11440.049805,642300.0
11487.200195,11535.950195,11442.25,11521.799805,506700.0
11538.450195,11618.099609,11516.75,11604.549805,527800.0
11539.400391,11587.200195,11498.5,11516.099609,0.0
11584.099609,11584.099609,11446.099609,11504.950195,764200.0
11503.799805,11535.25,11218.5,11250.549805,602900.0
11301.75,11302.200195,11084.650391,11153.650391,672200.0
11258.75,11259.549805,11024.400391,11131.849609,714900.0
11011.0,11015.299805,10790.200195,10805.549805,706100.0
10910.400391,11072.599609,10854.849609,11050.25,559600.0
11140.849609,11239.349609,11099.849609,11227.549805,472800.0
11288.599609,11305.400391,11181.0,11222.400391,498300.0
11244.450195,11295.400391,11184.549805,11247.549805,499300.0
11364.450195,11428.599609,11347.049805,11416.950195,447700.0
11487.799805,11578.049805,11452.299805,11503.349609,530600.0
11603.450195,11680.299805,11564.299805,11662.400391,561400.0
11679.25,11763.049805,11629.349609,11738.849609,513400.0
11835.400391,11905.700195,11791.150391,11834.599609,608800.0
11852.049805,11938.599609,11805.200195,11914.200195,611100.0
11973.549805,12022.049805,11867.200195,11930.950195,522600.0
11934.650391,11988.200195,11888.900391,11934.5,458300.0
11917.400391,11997.200195,11822.150391,11971.049805,569200.0
12023.450195,12025.450195,11661.299805,11680.349609,608900.0
11727.400391,11789.75,11667.849609,11762.450195,555800.0
11879.200195,11898.25,11820.400391,11873.049805,541400.0
11861.0,11949.25,11837.25,11896.799805,453600.0
11958.549805,12018.650391,11775.75,11937.650391,623700.0
11890.0,11939.549805,11823.450195,11896.450195,544900.0
11957.900391,11974.549805,11908.75,11930.349609,502300.0
11937.400391,11942.849609,11711.700195,11767.75,519800.0
11807.099609,11899.049805,11723.0,11889.400391,616300.0
11922.599609,11929.400391,11684.849609,11729.599609,704000.0
11633.299805,11744.150391,11606.450195,11670.799805,555000.0
11678.450195,11748.950195,11535.450195,11642.400391,553700.0
11697.349609,11725.650391,11557.400391,11669.150391,568400.0
11734.450195,11836.200195,11723.299805,11813.5,674300.0
11783.349609,11929.650391,11756.400391,11908.5,667300.0
12062.400391,12131.099609,12027.599609,12120.299805,632500.0
12156.650391,12280.400391,12131.849609,12263.549805,576800.0
12399.400391,12474.049805,12367.349609,12461.049805,553400.0
12556.400391,12643.900391,12475.25,12631.099609,847500.0
12680.599609,12769.75,12571.099609,12749.150391,880500.0
12702.150391,12741.150391,12624.849609,12690.799805,622000.0
12659.700195,12735.950195,12607.700195,12719.950195,513900.0
12932.5,12934.049805,12797.099609,12874.200195,707700.0
12860.099609,12948.849609,12819.349609,12938.25,731300.0
12839.5,12963.0,12745.75,12771.700195,768800.0
12813.400391,12892.450195,12730.25,12859.049805,664000.0
12960.299805,12968.849609,12825.700195,12926.450195,633100.0
13002.599609,13079.099609,12978.0,13055.150391,571900.0
13130.0,13145.849609,12833.650391,12858.400391,679000.0
12906.450195,13018.0,12790.400391,12987.0,549800.0
13012.049805,13035.299805,12914.299805,12968.950195,1162400.0
13062.200195,13128.400391,12962.799805,13109.049805,583600.0
13121.400391,13128.5,12983.549805,13113.75,717700.0
13215.299805,13216.599609,13107.900391,13133.900391,713700.0
13177.400391,13280.049805,13152.849609,13258.549805,640500.0
13264.849609,13366.650391,13241.950195,13355.75,591700.0
13393.849609,13435.450195,13311.049805,13392.950195,543200.0
13458.099609,13548.900391,13449.599609,13529.099609,502600.0
13488.5,13503.549805,13399.299805,13478.299805,553400.0
13512.299805,13579.349609,13402.849609,13513.849609,787700.0
13571.450195,13597.5,13472.450195,13558.150391,558400.0
13547.200195,13589.650391,13447.049805,13567.849609,497600.0
13663.099609,13692.349609,13606.450195,13682.700195,462200.0
13713.549805,13773.25,13673.549805,13740.700195,416000.0
13764.400391,13772.849609,13658.599609,13760.549805,519400.0
13741.900391,13777.5,13131.450195,13328.400391,687300.0
13373.650391,13492.049805,13192.900391,13466.299805,696200.0
13473.5,13619.450195,13432.200195,13601.099609,458700.0
13672.150391,13771.75,13626.900391,13749.25,471400.0
13815.150391,13885.299805,13811.549805,13873.200195,403600.0
13910.349609,13967.599609,13859.900391,13932.599609,439600.0
13980.900391,13997.0,13864.950195,13981.950195,380700.0
13970.0,14024.849609,13936.450195,13981.75,452400.0
13996.099609,14049.849609,13991.349609,14018.5,358100.0
14104.349609,14147.950195,13953.75,14132.900391,495000.0
14075.150391,14215.599609,14048.150391,14199.5,492500.0
14240.950195,14244.150391,14039.900391,14146.25,632300.0
14253.75,14256.25,14123.099609,14137.349609,559200.0
14258.400391,14367.299805,14221.650391,14347.25,613500.0
14474.049805,14498.200195,14383.099609,14484.75,672900.0
14473.799805,14590.650391,14432.849609,14563.450195,929600.0
14639.799805,14653.349609,14435.700195,14564.849609,874000.0
14550.049805,14617.799805,14471.5,14595.599609,620200.0
14594.349609,14617.450195,14357.849609,14433.700195,789600.0
14453.299805,14459.150391,14222.799805,14281.299805,762000.0
14371.650391,14546.049805,14350.849609,14521.150391,546100.0
14538.299805,14666.450195,14517.549805,14644.700195,623100.0
14730.950195,14753.549805,14517.25,14590.349609,704600.0
14583.400391,14619.900391,14357.75,14371.900391,776800.0
14477.799805,14491.099609,14218.599609,14238.900391,618600.0
14237.950195,14237.950195,13929.299805,13967.5,660700.0
13810.400391,13898.25,13713.25,13817.549805,637900.0
13946.599609,13966.849609,13596.75,13634.599609,753200.0
13758.599609,14336.349609,13661.75,14281.200195,870500.0
14481.099609,14731.700195,14469.150391,14647.849609,915000.0
14754.900391,14868.849609,14574.150391,14789.950195,869500.0
14789.049805,14913.700195,14714.75,14895.650391,884700.0
14952.599609,15014.650391,14864.75,14924.25,935600.0
15064.299805,15159.900391,15041.049805,15115.799805,671200.0
15164.150391,15257.099609,15064.299805,15109.299805,713300.0
15119.049805,15168.25,14977.200195,15106.5,624800.0
15073.25,15188.5,15065.400391,15173.299805,500100.0
15186.200195,15243.5,15081.0,15163.299805,571800.0
15270.299805,15340.150391,15243.400391,15314.700195,456000.0
15371.450195,15431.75,15242.200195,15313.450195,648500.0
15279.900391,15314.299805,15170.75,15208.900391,504800.0
15238.700195,15250.75,15078.049805,15118.950195,770600.0
15074.799805,15144.049805,14898.200195,14981.75,712200.0
14999.049805,15010.099609,14635.049805,14675.700195,609900.0
14782.25,14854.5,14651.849609,14707.799805,744100.0
14729.150391,15008.799805,14504.5,14982.0,403800.0
15079.849609,15176.5,15065.349609,15097.349609,803900.0
14888.599609,14919.450195,14467.75,14529.150391,1103600.0
14702.5,14806.799805,14638.549805,14761.549805,507300.0
14865.299805,14959.099609,14760.799805,14919.099609,621700.0
15064.400391,15273.150391,14995.799805,15245.599609,544200.0
15026.75,15202.349609,14980.200195,15080.75,534900.0
14977.950195,15092.349609,14862.099609,14938.099609,640700.0
15002.450195,15111.150391,14919.900391,14956.200195,0.0
15049.900391,15126.849609,14925.450195,15098.400391,675300.0
15202.150391,15218.450195,15100.849609,15174.799805,404600.0
15321.150391,15336.299805,14953.599609,15030.950195,493200.0
15048.400391,15048.400391,14745.849609,14929.5,467500.0
14996.099609,15051.599609,14890.650391,14910.450195,100.0
14946.549805,14956.549805,14696.049805,14721.299805,100.0
14855.5,14875.200195,14478.599609,14557.849609,542200.0
14471.150391,14788.25,14350.099609,14744.0,919200.0
14736.299805,14763.900391,14597.849609,14736.400391,459000.0
14768.549805,14878.599609,14707.0,14814.75,474200.0
14712.450195,14752.349609,14535.0,14549.400391,456400.0
14570.900391,14575.599609,14264.400391,14324.900391,606800.0
14506.299805,14572.900391,14414.25,14507.299805,481000.0
14628.5,14876.299805,14617.599609,14845.099609,594500.0
14811.849609,14813.75,14670.25,14690.700195,463900.0
14798.400391,14883.200195,14692.450195,14867.349609,445000.0
14837.700195,14849.849609,14459.5,14637.799805,509700.0
14737.0,14779.099609,14573.900391,14683.5,475300.0
14716.450195,14879.799805,14649.849609,14819.049805,0.0
14875.650391,14984.150391,14821.099609,14873.799805,514800.0
14882.650391,14918.450195,14785.650391,14834.849609,504100.0
14644.650391,14652.5,14248.700195,14310.799805,650200.0
14364.900391,14528.900391,14274.900391,14504.799805,605100.0
14522.400391,14597.549805,14353.200195,14581.450195,568000.0
14599.599609,14697.700195,14559.0,14617.849609,577200.0
14306.599609,14382.299805,14191.400391,14359.450195,512300.0
14526.700195,14526.950195,14207.299805,14296.400391,467400.0
14219.150391,14424.75,14151.400391,14406.150391,524600.0
14326.349609,14461.150391,14273.299805,14341.349609,498100.0
14449.450195,14557.5,14421.299805,14485.0,452700.0
14493.799805,14667.549805,14484.849609,14653.049805,451800.0
14710.5,14890.25,14694.950195,14864.549805,457000.0
14979.0,15044.349609,14814.450195,14894.900391,517500.0
14747.349609,14855.450195,14601.700195,14631.099609,613900.0
14481.049805,14673.849609,14416.25,14634.150391,448900.0
14687.25,14723.400391,14461.5,14496.5,503400.0
14604.150391,14637.900391,14506.599609,14617.849609,455900.0
14668.349609,14743.900391,14611.5,14724.799805,467800.0
14816.849609,14863.049805,14765.5,14823.150391,488000.0
14928.25,14966.900391,14892.5,14942.349609,522000.0
14789.700195,14900.0,14771.400391,14850.75,647400.0
14823.549805,14824.049805,14649.700195,14696.5,643800.0
14749.400391,14749.650391,14591.900391,14677.799805,620700.0
14756.25,14938.0,14725.349609,14923.150391,546400.0
15067.200195,15137.25,15043.700195,15108.099609,583900.0
15058.599609,15133.400391,15008.849609,15030.150391,569100.0
15042.599609,15069.799805,14884.900391,14906.049805,480300.0
14987.799805,15190.0,14985.849609,15175.299805,572900.0
15211.349609,15256.25,15145.450195,15197.700195,579800.0
15291.75,15293.849609,15163.400391,15208.450195,441500.0
15257.049805,15319.900391,15194.950195,15301.450195,384000.0
15323.950195,15384.549805,15272.5,15337.849609,0.0
15421.200195,15469.650391,15394.75,15435.650391,468100.0
15437.75,15606.349609,15374.0,15582.799805,436000.0
15629.650391,15660.75,15528.299805,15574.849609,409600.0
15520.349609,15597.450195,15459.849609,15576.200195,428600.0
15655.549805,15705.099609,15611.0,15690.349609,410200.0
15712.5,15733.599609,15622.349609,15670.25,414200.0
15725.099609,15773.450195,15678.099609,15751.650391,394000.0
15773.900391,15778.799805,15680.0,15740.099609,378200.0
15766.299805,15800.450195,15566.900391,15635.349609,457900.0
15692.099609,15751.25,15648.5,15737.75,298300.0
15796.450195,15835.549805,15749.799805,15799.349609,363000.0
15791.400391,15823.049805,15606.5,15811.849609,392900.0
15866.950195,15901.599609,15842.400391,15869.25,323300.0
15847.5,15880.849609,15742.599609,15767.549805,340200.0
15648.299805,15769.349609,15616.75,15691.400391,357600.0
15756.5,15761.5,15450.900391,15683.349609,640800.0
15525.849609,15765.150391,15505.650391,15746.5,351500.0
15840.5,15895.75,15752.099609,15772.75,322200.0
15862.799805,15862.950195,15673.950195,15686.950195,287500.0
15737.299805,15821.400391,15702.700195,15790.450195,316700.0
15839.349609,15870.799805,15772.299805,15860.349609,314600.0
15915.349609,15915.650391,15792.150391,15814.700195,255100.0
15807.5,15835.900391,15724.049805,15748.450195,360300.0
15776.900391,15839.099609,15708.75,15721.5,262400.0
15755.049805,15755.549805,15667.049805,15680.0,224900.0
15705.849609,15738.349609,15635.950195,15722.200195,254800.0
15793.400391,15845.950195,15762.049805,15834.349609,207000.0
15813.75,15914.200195,15801.0,15818.25,391400.0
15819.599609,15893.549805,15779.700195,15879.650391,329300.0
15855.400391,15885.75,15682.900391,15727.900391,307900.0
15688.25,15730.849609,15632.75,15689.799805,243200.0
15766.799805,15789.200195,15644.75,15692.599609,216300.0
15794.0,15820.799805,15744.599609,15812.349609,246700.0
15808.700195,15877.349609,15764.200195,15853.950195,0.0
15872.150391,15952.349609,15855.0,15924.200195,284900.0
15958.349609,15962.25,15882.599609,15923.400391,276300.0
15754.5,15836.900391,15707.5,15752.400391,242100.0
15703.950195,15728.450195,15578.549805,15632.099609,274300.0
15736.599609,15834.799805,15726.400391,15824.049805,265300.0
15856.799805,15899.799805,15768.400391,15856.049805,294100.0
15849.299805,15893.349609,15797.0,15824.450195,267100.0
15860.5,15881.549805,15701.0,15746.450195,311000.0
15761.549805,15767.5,15513.450195,15709.400391,318600.0
15762.700195,15817.349609,15737.799805,15778.450195,401600.0
15800.599609,15862.799805,15744.849609,15763.049805,400000.0
15874.900391,15892.900391,15834.650391,15885.150391,244800.0
15951.549805,16146.900391,15914.349609,16130.75,341300.0
16195.25,16290.200195,16176.150391,16258.799805,427300.0
16288.950195,16349.450195,16210.299805,16294.599609,418200.0
16304.400391,16336.75,16223.299805,16238.200195,320100.0
16281.349609,16320.75,16179.049805,16258.25,240500.0
16274.799805,16359.25,16202.25,16280.099609,288000.0
16327.299805,16338.75,16162.549805,16282.25,277900.0
16303.650391,16375.5,16286.900391,16364.400391,280200.0
16385.699219,16543.599609,16376.299805,16529.099609,321900.0
16518.400391,16589.400391,16480.75,16563.050781,254000.0
16545.25,16628.550781,16495.400391,16614.599609,297400.0
16691.949219,16701.849609,16535.849609,16568.849609,251800.0
16382.5,16509.550781,16376.049805,16450.5,350800.0
16592.25,16592.5,16395.699219,16496.449219,275600.0
16561.400391,16647.099609,16495.300781,16624.599609,275400.0
16654.0,16712.449219,16617.5,16634.650391,265900.0
16627.949219,16683.699219,16603.400391,16636.900391,253500.0
16642.550781,16722.050781,16565.599609,16705.199219,217400.0
16775.849609,16951.5,16764.849609,16931.050781,283500.0
16947.5,17153.5,16915.849609,17132.199219,464400.0
17185.599609,17225.75,17055.050781,17076.25,301900.0
17095.400391,17245.5,17059.699219,17234.150391,242400.0
17262.449219,17340.099609,17212.199219,17323.599609,261400.0
17399.349609,17429.550781,17345.550781,17377.800781,228000.0
17401.550781,17436.5,17287.0,17362.099609,243400.0
17375.75,17383.400391,17254.199219,17353.5,252700.0
17312.849609,17379.650391,17302.699219,17369.25,241500.0
17363.550781,17378.349609,17269.150391,17355.300781,241100.0
17420.349609,17438.550781,17367.050781,17380.0,230400.0
17387.650391,17532.699219,17386.900391,17519.449219,388200.0
17539.199219,17644.599609,17510.449219,17629.5,503300.0
17709.650391,17792.949219,17537.650391,17585.150391,508300.0
17443.849609,17622.75,17361.800781,17396.900391,339100.0
17450.5,17578.349609,17326.099609,17562.0,363600.0
17580.900391,17610.449219,17524.0,17546.650391,295200.0
17670.849609,17843.900391,17646.550781,17822.949219,320500.0
17897.449219,17947.650391,17819.400391,17853.199219,360100.0
17932.199219,17943.5,17802.900391,17855.099609,295700.0
17906.449219,17912.849609,17576.099609,17748.599609,398000.0
17657.949219,17781.75,17608.150391,17711.300781,562200.0
17718.900391,17742.150391,17585.349609,17618.150391,378600.0
17531.900391,17557.150391,17452.900391,17532.050781,305800.0
17615.550781,17750.900391,17581.349609,17691.25,295800.0
17661.349609,17833.449219,17640.900391,17822.300781,427000.0
17861.5,17884.599609,17613.150391,17646.0,395800.0
17810.550781,17857.550781,17763.800781,17790.349609,419900.0
17886.849609,17941.849609,17840.349609,17895.199219,324100.0
17867.550781,18041.949219,17839.099609,17945.949219,375800.0
17915.800781,18008.650391,17864.949219,17991.949219,355600.0
18097.849609,18197.800781,18050.75,18161.75,506700.0
18272.849609,18350.75,18248.699219,18338.550781,538700.0
18500.099609,18543.150391,18445.300781,18477.050781,469900.0
18602.349609,18604.449219,18377.699219,18418.75,368200.0
18439.900391,18458.300781,18209.349609,18266.599609,371300.0
18382.699219,18384.199219,18048.0,18178.099609,365900.0
18230.699219,18314.25,18034.349609,18114.900391,324700.0
18229.5,18241.400391,17968.5,18125.400391,418700.0
18154.5,18310.449219,18099.300781,18268.400391,341400.0
18295.849609,18342.050781,18167.900391,18210.949219,335200.0
18187.650391,18190.699219,17799.449219,17857.25,374200.0
17833.050781,17915.849609,17613.099609,17671.650391,336500.0
17783.150391,17954.099609,17697.099609,17929.650391,281200.0
17970.900391,18012.25,17847.599609,17888.949219,296400.0
17947.949219,17988.75,17757.949219,17829.199219,331000.0
17935.050781,17947.550781,17900.599609,17916.800781,48500.0
18040.199219,18087.800781,17836.099609,18068.550781,338900.0
18084.349609,18112.599609,17983.050781,18044.25,270200.0
17973.449219,18061.25,17915.0,18017.199219,261400.0
17967.449219,17971.349609,17798.199219,17873.599609,232100.0
17977.599609,18123.0,17905.900391,18102.75,249100.0
18140.949219,18210.150391,18071.300781,18109.449219,280400.0
18127.050781,18132.650391,17958.800781,17999.199219,267400.0
17939.349609,18022.650391,17879.25,17898.650391,295700.0
17890.550781,17945.599609,17688.5,17764.800781,278400.0
17796.25,17805.25,17280.449219,17416.550781,356400.0
17281.75,17553.699219,17216.099609,17503.349609,308800.0
17550.050781,17600.599609,17354.0,17415.050781,298100.0
17417.300781,17564.349609,17351.699219,17536.25,255900.0
17338.75,17355.400391,16985.699219,17026.449219,356300.0
17055.800781,17160.699219,16782.400391,17053.949219,348900.0
17051.150391,17324.650391,16931.400391,16983.199219,498000.0
17104.400391,17213.050781,17064.25,17166.900391,295500.0
17183.199219,17420.349609,17149.300781,17401.650391,279900.0
17424.900391,17489.800781,17180.800781,17196.699219,292500.0
17209.050781,17216.75,16891.699219,16912.25,231700.0
17044.099609,17251.650391,16987.75,17176.699219,254100.0
17315.25,17484.599609,17308.949219,17469.75,257800.0
17524.400391,17543.25,17379.599609,17516.849609,237200.0
17476.050781,17534.349609,17405.25,17511.300781,204500.0
17619.099609,17639.5,17355.949219,17368.25,256600.0
17283.199219,17376.199219,17225.800781,17324.900391,271000.0
17323.650391,17351.199219,17192.199219,17221.400391,215000.0
17373.0,17379.349609,17184.949219,17248.400391,219500.0
17276.0,17298.150391,16966.449219,16985.199219,354600.0
16824.25,16840.099609,16410.199219,16614.199219,330600.0
16773.150391,16936.400391,16688.25,16770.849609,241000.0
16865.550781,16971.0,16819.5,16955.449219,207900.0
17066.800781,17118.650391,17015.550781,17072.599609,197000.0
17149.5,17155.599609,16909.599609,17003.75,182600.0
16937.75,17112.050781,16833.199219,17086.25,144800.0
17177.599609,17250.25,17161.150391,17233.25,176000.0
17220.099609,17285.949219,17176.650391,17213.599609,161700.0
17201.449219,17264.050781,17146.349609,17203.949219,320800.0
17244.5,17400.800781,17238.5,17354.050781,167000.0
17387.150391,17646.650391,17383.300781,17625.699219,200500.0
17681.400391,17827.599609,17593.550781,17805.25,247400.0
17820.099609,17944.699219,17748.849609,17925.25,251500.0
17768.5,17797.949219,17655.550781,17745.900391,236500.0
17797.599609,17905.0,17704.550781,17812.699219,239300.0
17913.300781,18017.449219,17879.150391,18003.300781,232400.0
17997.75,18081.25,17964.400391,18055.75,220200.0
18170.400391,18227.949219,18128.800781,18212.349609,245000.0
18257.0,18272.25,18163.800781,18257.800781,303700.0
18185.0,18286.949219,18119.650391,18255.75,229500.0
18235.650391,18321.550781,18228.75,18308.099609,266700.0
18337.199219,18350.949219,18085.900391,18113.050781,227500.0
18129.199219,18129.199219,17884.900391,17938.400391,276700.0
17921.0,17943.699219,17648.449219,17757.0,258100.0
17613.699219,17707.599609,17485.849609,17617.150391,277600.0
17575.150391,17599.400391,16997.849609,17149.099609,323800.0
17001.550781,17309.150391,16836.800781,17277.949219,326500.0
17062.0,17182.5,16866.75,17110.150391,395600.0
17208.300781,17373.5,17077.099609,17101.949219,355300.0
17301.050781,17410.0,17264.150391,17339.849609,321700.0
17529.449219,17622.400391,17244.550781,17576.849609,386400.0
17706.199219,17794.599609,17674.800781,17780.0,271200.0
17767.75,17781.150391,17511.150391,17560.199219,226600.0
17590.199219,17617.800781,17462.550781,17516.300781,261400.0
17456.300781,17536.75,17119.400391,17213.599609,265000.0
17279.849609,17306.449219,17043.650391,17266.75,268500.0
17370.099609,17477.150391,17339.0,17463.800781,236400.0
17554.099609,17639.449219,17427.150391,17605.849609,273600.0
17451.0,17454.75,17303.0,17374.75,253100.0
17076.150391,17099.5,16809.650391,16842.800781,305500.0
16933.25,17375.0,16839.25,17352.449219,298700.0
17408.449219,17490.599609,17257.699219,17322.199219,244500.0
17396.550781,17442.900391,17235.849609,17304.599609,232100.0
17236.050781,17380.800781,17219.199219,17276.300781,189600.0
17192.25,17351.050781,17070.699219,17206.650391,215200.0
16847.949219,17148.550781,16843.800781,17092.199219,300100.0
17194.5,17220.699219,17027.849609,17063.25,200200.0
16548.900391,16705.25,16203.25,16247.950195,458000.0
16515.650391,16748.800781,16478.300781,16658.400391,329800.0
16481.599609,16815.900391,16356.299805,16793.900391,404200.0
16593.099609,16678.5,16478.650391,16605.949219,517700.0
16723.199219,16768.949219,16442.949219,16498.050781,442100.0
16339.450195,16456.0,16133.799805,16245.349609,456100.0
15867.950195,15944.599609,15711.450195,15863.150391,585400.0
15747.75,16028.75,15671.450195,16013.450195,543600.0
16078.0,16418.050781,15990.0,16345.349609,462200.0
16757.099609,16757.300781,16447.900391,16594.900391,486400.0
16528.800781,16694.400391,16470.900391,16630.449219,343700.0
16633.699219,16887.949219,16606.5,16871.300781,314700.0
16900.650391,16927.75,16555.0,16663.0,381600.0
16876.650391,16987.900391,16837.849609,16975.349609,260000.0
17202.900391,17344.599609,17175.75,17287.050781,448300.0
17329.5,17353.349609,17096.400391,17117.599609,285500.0
17120.400391,17334.400391,17006.300781,17315.5,338300.0
17405.050781,17442.400391,17199.599609,17245.650391,292100.0
17094.949219,17291.75,17091.150391,17222.75,290300.0
17289.0,17294.900391,17076.550781,17153.0,237100.0
17181.849609,17235.099609,17003.900391,17222.0,253200.0
17297.199219,17343.650391,17235.699219,17325.300781,235100.0
17468.150391,17522.5,17387.199219,17498.25,505000.0
17519.199219,17559.800781,17435.199219,17464.75,281100.0
17436.900391,17703.699219,17422.699219,17670.449219,291800.0
17809.099609,18114.650391,17791.400391,18053.400391,345500.0
18080.599609,18095.449219,17921.550781,17957.400391,283500.0
17842.75,17901.0,17779.849609,17807.650391,328800.0
17723.300781,17787.5,17623.699219,17639.550781,308800.0
17698.150391,17842.75,17600.550781,17784.349609,274400.0
17740.900391,17779.050781,17650.949219,17674.949219,251700.0
17584.849609,17595.300781,17442.349609,17530.300781,266000.0
17599.900391,17663.650391,17457.400391,17475.650391,245100.0
17183.449219,17237.75,17067.849609,17173.650391,376100.0
17258.949219,17275.650391,16824.699219,16958.650391,401400.0
17045.25,17186.900391,16978.949219,17136.550781,286100.0
17234.599609,17414.699219,17215.5,17392.599609,285200.0
17242.75,17315.300781,17149.199219,17171.949219,262700.0
17009.050781,17054.300781,16888.699219,16953.949219,275700.0
17121.300781,17223.849609,17064.449219,17200.800781,261100.0
17073.349609,17110.699219,16958.449219,17038.400391,265100.0
17189.5,17322.5,17071.050781,17245.050781,312900.0
17329.25,17377.650391,17053.25,17102.550781,336200.0
16924.449219,17092.25,16917.25,17069.099609,278200.0
17096.599609,17132.849609,16623.949219,16677.599609,310600.0
16854.75,16945.699219,16651.849609,16682.650391,265800.0
16415.550781,16484.199219,16340.900391,16411.25,300500.0
16227.700195,16403.699219,16142.099609,16301.849609,288400.0
16248.900391,16404.550781,16197.299805,16240.049805,283100.0
16270.049805,16318.75,15992.599609,16167.099609,284300.0
16021.099609,16041.950195,15735.75,15808.0,314900.0
15977.0,16083.599609,15740.849609,15782.150391,369100.0
15845.099609,15977.950195,15739.650391,15842.299805,217600.0
15912.599609,16284.25,15900.799805,16259.299805,295700.0
16318.150391,16399.800781,16211.200195,16240.299805,290400.0
15917.400391,15984.75,15775.200195,15809.400391,313900.0
16043.799805,16283.049805,16003.849609,16266.150391,252400.0
16290.950195,16414.699219,16185.75,16214.700195,293800.0
16225.549805,16262.799805,16078.599609,16125.150391,249800.0
16196.349609,16223.349609,16006.950195,16025.799805,243300.0
16105.0,16204.450195,15903.700195,16170.150391,314300.0
16296.599609,16370.599609,16221.950195,16352.450195,274100.0
16527.900391,16695.5,16506.150391,16661.400391,251400.0
16578.449219,16690.75,16521.900391,16584.550781,651600.0
16594.400391,16649.199219,16438.849609,16522.75,249600.0
16481.650391,16646.400391,16443.050781,16628.0,236000.0
16761.650391,16793.849609,16567.900391,16584.300781,245500.0
16530.699219,16610.949219,16444.550781,16569.550781,233600.0
16469.599609,16487.25,16347.099609,16416.349609,233800.0
16474.949219,16514.300781,16293.349609,16356.25,243500.0
16263.849609,16492.800781,16243.849609,16478.099609,205000.0
16283.950195,16324.700195,16172.599609,16201.799805,189700.0
15877.549805,15886.150391,15684.0,15774.400391,225500.0
15674.25,15858.0,15659.450195,15732.099609,225400.0
15729.25,15783.650391,15678.900391,15692.150391,183000.0
15832.25,15863.150391,15335.099609,15360.599609,264700.0
15272.650391,15400.400391,15183.400391,15293.5,342600.0
15334.5,15382.5,15191.099609,15350.150391,260000.0
15455.950195,15707.25,15419.849609,15638.799805,262800.0
15545.650391,15565.400391,15385.950195,15413.299805,220900.0
15451.549805,15628.450195,15367.5,15556.650391,259200.0
15657.400391,15749.25,15619.450195,15699.25,219600.0
15926.200195,15927.450195,15815.5,15832.049805,210900.0
15757.450195,15892.099609,15710.150391,15850.200195,251900.0
15701.700195,15861.599609,15687.799805,15799.099609,444900.0
15774.5,15890.0,15728.849609,15780.25,306000.0
15703.700195,15793.950195,15511.049805,15752.049805,364100.0
15710.5,15852.349609,15661.799805,15835.349609,304300.0
15909.150391,16025.75,15785.450195,15810.849609,254200.0
15818.200195,16011.349609,15800.900391,15989.799805,288400.0
16113.75,16150.5,16045.950195,16132.900391,264600.0
16273.650391,16275.5,16157.900391,16220.599609,281100.0
16136.150391,16248.549805,16115.5,16216.0,255900.0
16126.200195,16158.75,16031.150391,16058.299805,208600.0
16128.200195,16140.0,15950.150391,15966.650391,233300.0
16018.849609,16070.849609,15858.200195,15938.650391,228600.0
16010.799805,16066.950195,15927.299805,16049.200195,205800.0
16151.400391,16287.950195,16142.200195,16278.5,227700.0
16187.049805,16359.5,16187.049805,16340.549805,222600.0
16562.800781,16588.0,16490.949219,16520.849609,284400.0
16523.550781,16626.949219,16483.900391,16605.25,243600.0
16661.25,16752.25,16610.900391,16719.449219,190900.0
16662.550781,16706.050781,16564.25,16631.0,211400.0
16632.900391,16636.099609,16463.300781,16483.849609,208200.0
16475.349609,16653.449219,16438.75,16641.800781,185200.0
16774.849609,16947.650391,16746.25,16929.599609,376300.0
17079.5,17172.800781,17018.150391,17158.25,436100.0
17243.199219,17356.25,17154.800781,17340.050781,381500.0
17310.150391,17390.150391,17215.849609,17345.449219,333600.0
17349.25,17407.5,17225.849609,17388.150391,285400.0
17463.099609,17490.699219,17161.25,17382.0,325000.0
17423.650391,17474.400391,17348.75,17397.5,355300.0
17401.5,17548.800781,17359.75,17525.099609,257000.0
17566.099609,17566.099609,17442.800781,17534.75,312700.0
17711.650391,17719.300781,17631.949219,17659.0,311200.0
17659.650391,17724.650391,17597.849609,17698.150391,303900.0
17797.199219,17839.099609,17764.050781,17825.25,0.0
17868.150391,17965.949219,17833.349609,17944.25,262800.0
17898.650391,17968.449219,17852.050781,17956.5,263900.0
17966.550781,17992.199219,17710.75,17758.449219,295600.0
17682.900391,17690.050781,17467.349609,17490.699219,287600.0
17357.349609,17625.550781,17345.199219,17577.5,285600.0
17525.449219,17623.650391,17499.25,17604.949219,262000.0
17679.0,17726.5,17487.449219,17522.449219,230200.0
17619.300781,17685.849609,17519.349609,17558.900391,266600.0
17188.650391,17380.150391,17166.199219,17312.900391,244900.0
17414.949219,17777.650391,17401.5,17759.300781,324700.0
17485.699219,17695.599609,17468.449219,17542.800781,308500.0
17598.400391,17643.849609,17476.449219,17539.449219,256300.0
17546.449219,17683.150391,17540.349609,17665.800781,230300.0
17695.699219,17764.650391,17587.650391,17655.599609,251200.0
17519.400391,17650.75,17484.300781,17624.400391,354100.0
17748.150391,17807.650391,17691.949219,17798.75,279800.0
17923.349609,17925.949219,17786.0,17833.349609,270300.0
17890.849609,17980.550781,17889.150391,17936.349609,228200.0
18044.449219,18088.300781,18015.449219,18070.050781,259900.0
17771.150391,18091.550781,17771.150391,18003.75,365900.0
18046.349609,18096.150391,17861.5,17877.400391,289600.0
17796.800781,17820.050781,17497.25,17530.849609,468500.0
17540.650391,17667.199219,17429.699219,17622.25,258300.0
17770.400391,17919.300781,17744.400391,17816.25,263100.0
17766.349609,17838.699219,17663.599609,17718.349609,245500.0
17609.650391,17722.75,17532.449219,17629.800781,284100.0
17593.849609,17642.150391,17291.650391,17327.349609,390800.0
17156.300781,17196.400391,16978.300781,17016.300781,492000.0
17110.900391,17176.449219,16942.349609,17007.400391,359900.0
16870.550781,17037.599609,16820.400391,16858.599609,323900.0
16993.599609,17026.050781,16788.599609,16818.099609,340000.0
16798.050781,17187.099609,16747.699219,17094.349609,376100.0
17102.099609,17114.650391,16855.550781,16887.349609,278400.0
17147.449219,17287.300781,17117.300781,17274.300781,226000.0
17379.25,17428.800781,17315.650391,17331.800781,265500.0
17287.199219,17337.349609,17216.949219,17314.650391,216300.0
17094.349609,17280.150391,17064.699219,17241.0,234000.0
17256.050781,17261.800781,16950.300781,16983.550781,282600.0
17025.550781,17142.349609,16960.050781,17123.599609,256000.0
17087.349609,17112.349609,16956.949219,17014.349609,266400.0
17322.300781,17348.550781,17169.75,17185.699219,227000.0
17144.800781,17328.550781,17098.550781,17311.800781,212200.0
17438.75,17527.800781,17434.050781,17486.949219,239500.0
17568.150391,17607.599609,17472.849609,17512.25,210500.0
17423.099609,17584.150391,17421.0,17563.949219,249600.0
17622.849609,17670.150391,17520.75,17576.300781,277700.0
17736.349609,17777.550781,17707.400391,17730.75,45000.0
17808.300781,17811.5,17637.0,17656.349609,251400.0
17771.400391,17783.900391,17654.5,17736.949219,324600.0
17756.400391,17838.900391,17723.699219,17786.800781,250000.0
17910.199219,18022.800781,17899.900391,18012.199219,227200.0
18130.699219,18175.800781,18060.150391,18145.400391,349900.0
18177.900391,18178.75,18048.650391,18082.849609,270900.0
17968.349609,18106.300781,17959.199219,18052.699219,213000.0
18053.400391,18135.099609,18017.150391,18117.150391,267900.0
18211.75,18255.5,18064.75,18202.800781,314800.0
18288.25,18296.400391,18117.5,18157.0,307200.0
18044.349609,18103.099609,17969.400391,18028.199219,256500.0
18272.349609,18362.300781,18259.349609,18349.699219,378500.0
18376.400391,18399.449219,18311.400391,18329.150391,301400.0
18362.75,18427.949219,18282.0,18403.400391,250900.0
18398.25,18442.150391,18344.150391,18409.650391,219300.0
18358.699219,18417.599609,18312.949219,18343.900391,200500.0
18382.949219,18394.599609,18209.800781,18307.650391,198800.0
18246.400391,18262.300781,18133.349609,18159.949219,213800.0
18179.150391,18261.849609,18137.699219,18244.199219,177700.0
18325.199219,18325.400391,18246.0,18267.25,178800.0
18326.099609,18529.699219,18294.25,18484.099609,204000.0
18528.449219,18534.900391,18445.099609,18512.75,205900.0
18430.550781,18614.25,18365.599609,18562.75,206500.0
18552.449219,18678.099609,18552.150391,18618.050781,195300.0
18625.699219,18816.050781,18616.550781,18758.349609,345600.0
18871.949219,18887.599609,18778.199219,18812.5,325000.0
18752.400391,18781.949219,18639.199219,18696.099609,254400.0
18719.550781,18728.599609,18591.349609,18701.050781,288400.0
18600.650391,18654.900391,18577.900391,18642.75,217800.0
18638.849609,18668.300781,18528.400391,18560.5,200500.0
18570.849609,18625.0,18536.949219,18609.349609,202800.0
18662.400391,18664.699219,18410.099609,18496.599609,215800.0
18402.150391,18521.550781,18345.699219,18497.150391,193900.0
18524.400391,18617.25,18490.199219,18608.0,187600.0
18671.25,18696.099609,18632.900391,18660.300781,208000.0
18614.400391,18652.900391,18387.699219,18414.900391,183100.0
18319.099609,18440.949219,18255.150391,18269.0,277700.0
18288.099609,18431.650391,18244.550781,18420.449219,154800.0
18340.300781,18404.900391,18202.650391,18385.300781,169000.0
18435.150391,18473.349609,18162.75,18199.099609,187600.0
18288.800781,18318.75,18068.599609,18127.349609,195700.0
17977.650391,18050.449219,17779.5,17806.800781,221500.0
17830.400391,18084.099609,17774.25,18014.599609,176700.0
18089.800781,18149.25,17967.449219,18132.300781,214300.0
18084.75,18173.099609,18068.349609,18122.5,193900.0
18045.699219,18229.699219,17992.800781,18191.0,281100.0
18259.099609,18265.25,18080.300781,18105.300781,192000.0
18131.699219,18215.150391,18086.5,18197.449219,256100.0
18163.199219,18251.949219,18149.800781,18232.550781,208700.0
18230.650391,18243.0,18020.599609,18042.949219,235200.0
18101.949219,18120.300781,17892.599609,17992.150391,269900.0
18008.050781,18047.400391,17795.550781,17859.449219,238200.0
17952.550781,18141.400391,17936.150391,18101.199219,257200.0
18121.300781,18127.599609,17856.0,17914.150391,283300.0
17924.25,17976.349609,17824.349609,17895.699219,259900.0
17920.849609,17945.800781,17761.650391,17858.199219,227800.0
17867.5,17999.349609,17774.25,17956.599609,256700.0
18033.150391,18049.650391,17853.650391,17894.849609,206200.0
17922.800781,18072.050781,17886.949219,18053.300781,219100.0
18074.300781,18183.75,18032.449219,18165.349609,255800.0
18119.800781,18155.199219,18063.75,18107.849609,237800.0
18115.599609,18145.449219,18016.199219,18027.650391,237200.0
18118.449219,18162.599609,18063.449219,18118.550781,202500.0
18183.949219,18201.25,18078.650391,18118.300781,216900.0
18093.349609,18100.599609,17846.150391,17891.949219,257200.0
17877.199219,17884.75,17493.550781,17604.349609,476300.0
17541.949219,17709.150391,17405.550781,17648.949219,432400.0
17731.449219,17735.699219,17537.550781,17662.150391,398300.0
17811.599609,17972.199219,17353.400391,17616.300781,512900.0
17517.099609,17653.900391,17445.949219,17610.400391,490100.0
17721.75,17870.300781,17584.199219,17854.050781,424100.0
17818.550781,17823.699219,17698.349609,17764.599609,282500.0
17790.099609,17811.150391,17652.550781,17721.5,354400.0
17750.300781,17898.699219,17744.150391,17871.699219,291000.0
17885.5,17916.900391,17779.800781,17893.449219,260900.0
17847.550781,17876.949219,17801.0,17856.5,232000.0
17859.099609,17880.699219,17719.75,17770.900391,231300.0
17840.349609,17954.550781,17800.050781,17929.849609,244500.0
17896.599609,18034.099609,17853.800781,18015.849609,229300.0
18094.75,18134.75,18000.650391,18035.849609,230200.0
17974.849609,18034.25,17884.599609,17944.199219,208100.0
17965.550781,18004.349609,17818.400391,17844.599609,174600.0
17905.800781,17924.900391,17800.300781,17826.699219,198200.0
17755.349609,17772.5,17529.449219,17554.300781,204000.0
17574.650391,17620.050781,17455.400391,17511.25,240800.0
17591.349609,17599.75,17421.800781,17465.800781,209400.0
17428.599609,17451.599609,17299.0,17392.699219,246400.0
17383.25,17440.449219,17255.199219,17303.949219,420900.0
17360.099609,17467.75,17345.25,17450.900391,272900.0
17421.5,17445.800781,17306.0,17321.900391,310700.0
17451.25,17644.75,17427.699219,17594.349609,356200.0
17680.349609,17799.949219,17671.949219,17711.449219,362800.0
17665.75,17766.5,17602.25,17754.400391,267000.0
17772.050781,17772.349609,17573.599609,17589.599609,262400.0
17443.800781,17451.5,17324.349609,17412.900391,235900.0
17421.900391,17529.900391,17113.449219,17154.300781,254900.0
17160.550781,17224.650391,16987.099609,17043.300781,290600.0
17166.449219,17211.349609,16938.900391,16972.150391,248200.0
16994.650391,17062.449219,16850.150391,16985.599609,349800.0
17111.800781,17145.800781,16958.150391,17100.050781,408100.0
17066.599609,17066.599609,16828.349609,16988.400391,241800.0
17060.400391,17127.699219,17016.0,17107.5,246700.0
17177.449219,17207.25,17107.849609,17151.900391,0.0
17097.400391,17205.400391,17045.300781,17076.900391,219200.0
17076.199219,17109.449219,16917.349609,16945.050781,228000.0
16984.300781,17091.0,16918.550781,16985.699219,218400.0
17031.75,17061.75,16913.75,16951.699219,238800.0
16977.300781,17126.150391,16940.599609,17080.699219,345900.0
17210.349609,17381.599609,17204.650391,17359.75,263900.0
17427.949219,17428.050781,17312.75,17398.050781,230200.0
17422.300781,17570.550781,17402.699219,17557.050781,248300.0
17533.849609,17638.699219,17502.849609,17599.150391,242700.0
17634.900391,17694.099609,17597.949219,17624.050781,254800.0
17704.800781,17748.75,17655.150391,17722.300781,304300.0
17759.550781,17825.75,17717.25,17812.400391,232800.0
17807.300781,17842.150391,17729.650391,17828.0,285800.0
17863.0,17863.0,17574.050781,17706.849609,357400.0
17766.599609,17766.599609,17610.199219,17660.150391,258900.0
17653.349609,17666.150391,17579.849609,17618.75,281500.0
17638.599609,17684.449219,17584.349609,17624.449219,215100.0
17639.75,17663.199219,17553.949219,17624.050781,230200.0
17707.550781,17754.5,17612.5,17743.400391,255700.0
17761.550781,17807.449219,17716.849609,17769.25,297400.0
17767.300781,17827.75,17711.199219,17813.599609,233000.0
17813.099609,17931.599609,17797.900391,17915.050781,241400.0
17950.400391,18089.150391,17885.300781,18065.0,290300.0
18124.800781,18180.25,18101.75,18147.650391,265200.0
18113.800781,18116.349609,18042.400391,18089.849609,226200.0
18081.0,18267.449219,18066.699219,18255.800781,226600.0
18117.300781,18216.949219,18055.449219,18069.0,239700.0
18120.599609,18286.949219,18100.300781,18264.400391,228400.0
18303.400391,18344.199219,18229.650391,18265.949219,245400.0
18313.599609,18326.75,18211.949219,18315.099609,220500.0
18357.800781,18389.699219,18270.400391,18297.0,248900.0
18273.75,18342.75,18194.550781,18314.800781,241700.0
18339.300781,18458.900391,18287.900391,18398.849609,216100.0
18432.349609,18432.349609,18264.349609,18286.5,219500.0
18300.449219,18309.0,18115.349609,18181.75,229900.0
18287.5,18297.199219,18104.849609,18129.949219,272100.0
18186.150391,18218.099609,18060.400391,18203.400391,260900.0
18201.099609,18335.25,18178.849609,18314.400391,262600.0
18362.900391,18419.75,18324.199219,18348.0,270400.0
18294.800781,18392.599609,18262.949219,18285.400391,232600.0
18268.900391,18338.099609,18202.400391,18321.150391,235900.0
18368.349609,18508.550781,18333.150391,18499.349609,198700.0
18619.150391,18641.199219,18581.25,18598.650391,265300.0
18606.650391,18662.449219,18575.5,18633.849609,234400.0
18594.199219,18603.900391,18483.849609,18534.400391,696500.0
18579.400391,18580.300781,18464.550781,18487.75,265600.0
18550.849609,18573.699219,18478.400391,18534.099609,270900.0
18612.0,18640.150391,18582.800781,18593.849609,256100.0
18600.800781,18622.75,18531.599609,18599.0,220800.0
18665.599609,18738.949219,18636.0,18726.400391,260100.0
18725.349609,18777.900391,18615.599609,18634.550781,286500.0
18655.900391,18676.650391,18555.400391,18563.400391,221800.0
18595.050781,18633.599609,18559.75,18601.5,179500.0
18631.800781,18728.900391,18631.800781,18716.150391,233200.0
18744.599609,18769.699219,18690.0,18755.900391,261400.0
18774.449219,18794.099609,18669.050781,18688.099609,263000.0
18723.300781,18864.699219,18710.5,18826.0,272800.0
18873.300781,18881.449219,18719.150391,18755.449219,219800.0
18752.349609,18839.699219,18660.650391,18816.699219,211600.0
18849.400391,18875.900391,18794.849609,18856.849609,217500.0
18853.599609,18886.599609,18759.5,18771.25,252700.0
18741.849609,18756.400391,18647.099609,18665.5,210600.0
18682.349609,18722.050781,18646.699219,18691.199219,171300.0
18748.550781,18829.25,18714.25,18817.400391,222500.0
18908.150391,19011.25,18861.349609,18972.099609,398800.0
19076.849609,19201.699219,19024.599609,19189.050781,247900.0
19246.5,19345.099609,19234.400391,19322.550781,226100.0
19406.599609,19434.150391,19300.0,19389.0,226900.0
19405.949219,19421.599609,19339.599609,19398.5,224400.0
19385.699219,19512.199219,19373.0,19497.300781,268300.0
19422.800781,19523.599609,19303.599609,19331.800781,237100.0
19400.349609,19435.849609,19327.099609,19355.900391,268200.0
19427.099609,19515.099609,19406.449219,19439.400391,251300.0
19497.449219,19507.699219,19361.75,19384.300781,327900.0
19495.199219,19567.0,19385.800781,19413.75,310400.0
19493.449219,19595.349609,19433.5,19564.5,291200.0
19612.150391,19731.849609,19562.949219,19711.449219,268700.0
19787.5,19819.449219,19690.199219,19749.25,286400.0
19802.949219,19851.699219,19727.449219,19833.150391,259700.0
19831.699219,19991.849609,19758.400391,19979.150391,274700.0
19800.449219,19887.400391,19700.0,19745.0,312500.0
19748.449219,19782.75,19658.300781,19672.349609,265600.0
19729.349609,19729.349609,19615.949219,19680.599609,369700.0
19733.349609,19825.599609,19716.699219,19778.300781,244700.0
19850.900391,19867.550781,19603.550781,19659.900391,334900.0
19659.75,19695.900391,19563.099609,19646.050781,258700.0
19666.349609,19772.75,19597.599609,19753.800781,295100.0
19784.0,19795.599609,19704.599609,19733.550781,298000.0
19655.400391,19678.25,19423.550781,19526.550781,290700.0
19463.75,19537.650391,19296.449219,19381.650391,315700.0
19462.800781,19538.849609,19436.449219,19517.0,280800.0
19576.849609,19620.449219,19524.800781,19597.300781,216600.0
19627.199219,19634.400391,19533.099609,19570.849609,260300.0
19578.800781,19645.5,19467.5,19632.550781,266500.0
19605.550781,19623.599609,19495.400391,19543.099609,312200.0
19554.25,19557.75,19412.75,19428.300781,235500.0
19383.949219,19465.849609,19257.900391,19434.550781,243900.0
19369.0,19482.75,19317.199219,19465.0,0.0
19450.550781,19461.550781,19326.25,19365.25,268700.0
19301.75,19373.800781,19253.599609,19310.150391,256100.0
19320.650391,19425.949219,19296.300781,19393.599609,262600.0
19417.099609,19443.5,19381.300781,19396.449219,208700.0
19439.199219,19472.050781,19366.599609,19444.0,225200.0
19535.150391,19584.449219,19369.0,19386.699219,268300.0
19297.400391,19339.550781,19229.699219,19265.800781,466500.0
19298.349609,19366.849609,19249.699219,19306.050781,248200.0
19374.849609,19377.900391,19309.099609,19342.650391,307400.0
19433.449219,19452.800781,19334.75,19347.449219,233000.0
19375.550781,19388.199219,19223.650391,19253.800781,562600.0
19258.150391,19458.550781,19255.699219,19435.300781,333000.0
19525.050781,19545.150391,19432.849609,19528.800781,296800.0
19564.650391,19587.050781,19525.75,19574.900391,256800.0
19581.199219,19636.449219,19491.5,19611.050781,287600.0
19598.650391,19737.0,19550.050781,19727.050781,304900.0
19774.800781,19867.150391,19727.050781,19819.949219,288100.0
19890.0,20008.150391,19865.349609,19996.349609,248800.0
20110.150391,20110.349609,19914.650391,19993.199219,328100.0
19989.5,20096.900391,19944.099609,20070.0,251400.0
20127.949219,20167.650391,20043.449219,20103.099609,275100.0
20156.449219,20222.449219,20129.699219,20192.349609,438200.0
20155.949219,20195.349609,20115.699219,20133.300781,264900.0
19980.75,20050.650391,19878.849609,19901.400391,378100.0
19840.550781,19848.75,19709.949219,19742.349609,275100.0
19744.849609,19798.650391,19657.5,19674.25,246400.0
19678.199219,19734.150391,19601.550781,19674.550781,188400.0
19682.800781,19699.349609,19637.449219,19664.699219,204900.0
19637.050781,19730.699219,19554.0,19716.449219,203600.0
19761.800781,19766.650391,19492.099609,19523.550781,352800.0
19581.199219,19726.25,19551.050781,19638.300781,243500.0
19622.400391,19623.199219,19479.650391,19528.75,221700.0
19446.300781,19457.800781,19333.599609,19436.099609,277100.0
19521.849609,19576.949219,19487.300781,19545.75,234900.0
19621.199219,19675.75,19589.400391,19653.5,159100.0
19539.449219,19588.949219,19480.5,19512.349609,165100.0
19565.599609,19717.800781,19565.449219,19689.849609,216600.0
19767.0,19839.199219,19756.949219,19811.349609,213700.0
19822.699219,19843.300781,19772.650391,19794.0,217900.0
19654.550781,19805.400391,19635.300781,19751.050781,255000.0
19737.25,19781.300781,19691.849609,19731.75,181000.0
19843.199219,19849.75,19775.650391,19811.5,185800.0
19820.449219,19840.949219,19659.949219,19671.099609,198900.0
19545.199219,19681.800781,19512.349609,19624.699219,230300.0
19542.150391,19593.800781,19518.699219,19542.650391,198300.0
19521.599609,19556.849609,19257.849609,19281.75,176000.0
19286.449219,19347.300781,19074.150391,19122.150391,225300.0
19027.25,19041.699219,18837.849609,18857.25,300400.0
18928.75,19076.150391,18926.650391,19047.25,205200.0
19053.400391,19158.5,18940.0,19140.900391,180100.0
19232.949219,19233.699219,19056.449219,19079.599609,206000.0
19064.050781,19096.050781,18973.699219,18989.150391,194100.0
19120.0,19175.25,19064.150391,19133.25,245600.0
19241.0,19276.25,19210.900391,19230.599609,189500.0
19345.849609,19423.0,19309.699219,19411.75,180700.0
19404.050781,19423.5,19329.099609,19406.699219,198700.0
19449.599609,19464.400391,19401.5,19443.5,195000.0
19457.400391,19463.900391,19378.349609,19395.300781,208400.0
19351.849609,19451.300781,19329.449219,19425.349609,152200.0
19486.75,19494.400391,19414.75,19443.550781,189300.0
19651.400391,19693.199219,19579.650391,19675.449219,291500.0
19674.699219,19875.25,19627.0,19765.199219,282700.0
19674.75,19806.0,19667.449219,19731.800781,236800.0
19731.150391,19756.449219,19670.5,19694.0,173800.0
19770.900391,19829.099609,19754.050781,19783.400391,195000.0
19784.0,19825.550781,19703.849609,19811.849609,184500.0
19828.449219,19875.150391,19786.75,19802.0,170000.0
19809.599609,19832.849609,19768.849609,19794.699219,145900.0
19844.650391,19916.849609,19800.0,19889.699219,229600.0
19976.550781,20104.650391,19956.300781,20096.599609,236200.0
20108.5,20158.699219,20015.849609,20133.150391,486600.0
20194.099609,20291.550781,20183.699219,20267.900391,265800.0
20601.949219,20702.650391,20507.75,20686.800781,381100.0
20808.900391,20864.050781,20711.150391,20855.099609,421000.0
20950.75,20961.949219,20852.150391,20937.699219,359200.0
20932.400391,20941.25,20850.800781,20901.150391,275000.0
20934.099609,21006.099609,20862.699219,20969.400391,292400.0
20965.300781,21026.099609,20923.699219,20997.099609,212900.0
21018.550781,21037.900391,20867.150391,20906.400391,244900.0
20929.75,20950.0,20769.5,20926.349609,260300.0
21110.400391,21210.900391,21074.449219,21182.699219,334400.0
21287.449219,21492.300781,21235.300781,21456.650391,508800.0
21434.800781,21482.800781,21365.349609,21418.650391,249700.0
21477.650391,21505.050781,21337.75,21453.099609,249800.0
21543.5,21593.0,21087.349609,21150.150391,363900.0
21033.949219,21288.349609,20976.800781,21255.050781,277500.0
21295.849609,21390.5,21232.449219,21349.400391,284700.0
21365.199219,21477.150391,21329.449219,21441.349609,219500.0
21497.650391,21675.75,21495.800781,21654.75,256500.0
21715.0,21801.449219,21678.0,21778.699219,393100.0
21737.650391,21770.300781,21676.900391,21731.400391,270900.0
21727.75,21834.349609,21680.849609,21741.900391,154000.0
21751.349609,21755.599609,21555.650391,21665.800781,263700.0
21661.099609,21677.0,21500.349609,21517.349609,311900.0
21605.800781,21685.650391,21564.550781,21658.599609,339200.0
21705.75,21749.599609,21629.199219,21710.800781,309300.0
21747.599609,21763.949219,21492.900391,21513.0,231500.0
21653.599609,21724.449219,21517.849609,21544.849609,228600.0
21529.300781,21641.849609,21448.650391,21618.699219,217000.0
21688.0,21726.5,21593.75,21647.199219,212500.0
21773.550781,21928.25,21715.150391,21894.550781,294700.0
22053.150391,22115.550781,21963.550781,22097.449219,345500.0
22080.5,22124.150391,21969.800781,22032.300781,292400.0
21647.25,21851.5,21550.449219,21571.949219,456000.0
21414.199219,21539.400391,21285.550781,21462.25,387300.0
21615.199219,21670.599609,21575.0,21622.400391,343100.0
21716.699219,21750.25,21192.599609,21238.800781,449700.0
21185.25,21482.349609,21137.199219,21453.949219,407500.0
21454.599609,21459.0,21247.050781,21352.599609,418100.0
21433.099609,21763.25,21429.599609,21737.599609,376700.0
21775.75,21813.050781,21501.800781,21522.099609,375100.0
21487.25,21741.349609,21448.849609,21725.699219,410600.0
21780.650391,21832.949219,21658.75,21697.449219,332500.0
21812.75,22126.800781,21805.550781,21853.800781,442800.0
21921.050781,21964.300781,21726.949219,21771.699219,440800.0
21825.199219,21951.400391,21737.550781,21929.400391,371000.0
22045.050781,22053.300781,21860.150391,21930.5,346300.0
22009.650391,22011.050781,21665.300781,21717.949219,491100.0
21727.0,21804.449219,21629.900391,21782.5,349200.0
21800.800781,21831.699219,21574.75,21616.050781,287400.0
21664.300781,21766.800781,21543.349609,21743.25,365800.0
21578.150391,21870.849609,21530.199219,21840.050781,359100.0
21906.550781,21953.849609,21794.800781,21910.75,345400.0
22020.300781,22068.650391,21968.949219,22040.699219,343900.0
22103.449219,22186.650391,22021.050781,22122.25,0.0
22099.199219,22215.599609,22045.849609,22196.949219,295700.0
22248.849609,22249.400391,21997.949219,22055.050781,364500.0
22081.550781,22252.5,21875.25,22217.449219,343500.0
22290.0,22297.5,22186.099609,22212.699219,226000.0
22169.199219,22202.150391,22075.150391,22122.050781,207800.0
22090.199219,22218.25,22085.650391,22198.349609,252200.0
22214.099609,22229.150391,21915.849609,21951.150391,203000.0
21935.199219,22060.550781,21860.650391,21982.800781,360200.0
22048.300781,22353.300781,22047.75,22338.75,351500.0
22403.5,22440.900391,22358.300781,22405.599609,298800.0
22371.25,22416.900391,22269.150391,22356.300781,296200.0
22327.5,22497.199219,22224.349609,22474.050781,312300.0
22505.300781,22525.650391,22430.0,22493.550781,379900.0
22517.5,22526.599609,22307.25,22332.650391,277900.0
22334.449219,22452.550781,22256.0,22335.699219,299200.0
22432.199219,22446.75,21905.650391,21997.699219,493300.0
21982.550781,22204.599609,21917.5,22146.650391,426700.0
22064.849609,22120.900391,21931.699219,22023.349609,661500.0
21990.099609,22123.699219,21916.550781,22055.699219,356300.0
21946.449219,21978.300781,21793.099609,21817.449219,344200.0
21843.900391,21930.900391,21710.199219,21839.099609,312400.0
21989.900391,22080.949219,21941.300781,22011.949219,353200.0
21932.199219,22180.699219,21883.300781,22096.75,388700.0
21947.900391,22073.199219,21947.550781,22004.699219,328400.0
22053.949219,22193.599609,22052.849609,22123.650391,409100.0
22163.599609,22516.0,22163.599609,22326.900391,410500.0
22455.0,22529.949219,22427.75,22462.0,0.0
22458.800781,22497.599609,22388.150391,22453.300781,289500.0
22385.699219,22521.099609,22346.5,22434.650391,309600.0
22592.099609,22619.0,22303.800781,22514.650391,401000.0
22486.400391,22537.599609,22427.599609,22513.699219,242200.0
22578.349609,22697.300781,22550.349609,22666.300781,227600.0
22765.099609,22768.400391,22612.25,22642.75,232400.0
22720.25,22775.699219,22673.699219,22753.800781,276800.0
22677.400391,22726.449219,22503.75,22519.400391,357200.0
22339.050781,22427.449219,22259.550781,22272.5,355500.0
22125.300781,22213.75,22079.449219,22147.900391,317300.0
22212.349609,22326.5,21961.699219,21995.849609,456900.0
21861.5,22179.550781,21777.650391,22147.0,362500.0
22336.900391,22375.650391,22198.150391,22336.400391,279300.0
22447.050781,22447.550781,22349.449219,22368.0,231500.0
22421.550781,22476.449219,22384.0,22402.400391,235900.0
22316.900391,22625.949219,22305.25,22570.349609,475000.0
22620.400391,22620.400391,22385.550781,22419.949219,329900.0
22475.550781,22655.800781,22441.900391,22643.400391,292000.0
22679.650391,22783.349609,22568.400391,22604.849609,361900.0
22567.849609,22710.5,22567.849609,22648.199219,445900.0
22766.349609,22794.699219,22348.050781,22475.849609,438100.0
22561.599609,22588.800781,22409.449219,22442.699219,320300.0
22489.75,22499.050781,22232.050781,22302.5,297800.0
22231.199219,22368.650391,22185.199219,22302.5,277400.0
22224.800781,22307.75,21932.400391,21957.5,331300.0
21990.949219,22131.300781,21950.300781,22055.199219,265800.0
22027.949219,22131.650391,21821.050781,22104.050781,278200.0
22112.900391,22270.050781,22081.25,22217.849609,230200.0
22255.599609,22297.550781,22151.75,22200.550781,231900.0
22319.199219,22432.25,22054.550781,22403.849609,368900.0
22415.25,22502.150391,22345.650391,22466.099609,242700.0
22404.550781,22591.099609,22404.550781,22529.050781,347600.0
22576.599609,22629.5,22483.150391,22597.800781,290300.0
22614.099609,22993.599609,22577.449219,22967.650391,369800.0
22930.75,23026.400391,22908.0,22957.099609,261900.0
23038.949219,23110.800781,22871.199219,22932.449219,260000.0
22977.150391,22998.550781,22858.5,22888.150391,217900.0
22762.75,22825.5,22685.449219,22704.699219,269900.0
22617.449219,22705.75,22417.0,22488.650391,373400.0
22568.099609,22653.75,22465.099609,22530.699219,572100.0
23337.900391,23338.699219,23062.300781,23263.900391,569400.0
23179.5,23179.5,21281.449219,21884.5,1006100.0
22128.349609,22670.400391,21791.949219,22620.349609,638500.0
22798.599609,22910.150391,22642.599609,22821.400391,480400.0
22821.849609,23320.199219,22789.050781,23290.150391,473600.0
23319.150391,23411.900391,23227.150391,23259.199219,304400.0
23283.75,23389.449219,23206.650391,23264.849609,305200.0
23344.449219,23441.949219,23295.949219,23322.949219,295600.0
23480.949219,23481.050781,23353.900391,23398.900391,268300.0
23464.949219,23490.400391,23334.25,23465.599609,223100.0
23570.800781,23579.050781,23499.699219,23557.900391,272200.0
23629.849609,23664.0,23412.900391,23516.0,328800.0
23586.150391,23624.0,23442.599609,23567.0,280300.0
23661.150391,23667.099609,23398.199219,23501.099609,609900.0
23382.300781,23558.099609,23350.0,23537.849609,239400.0
23577.099609,23754.150391,23562.050781,23721.300781,298100.0
23723.099609,23889.900391,23670.449219,23868.800781,287800.0
23881.550781,24087.449219,23805.400391,24044.5,515200.0
24085.900391,24174.0,23985.800781,24010.599609,354800.0
23992.949219,24164.0,23992.699219,24141.949219,0.0
24228.75,24236.349609,24056.400391,24123.849609,0.0
24291.75,24309.150391,24207.099609,24286.5,0.0
24369.949219,24401.0,24281.0,24302.150391,251200.0
24213.349609,24363.0,24168.849609,24323.849609,298400.0
24329.449219,24344.599609,24240.550781,24320.550781,266300.0
24351.0,24443.599609,24331.900391,24433.199219,250500.0
24459.849609,24461.050781,24141.800781,24324.449219,292300.0
24396.550781,24402.650391,24193.75,24315.949219,306400.0
24387.949219,24592.199219,24331.150391,24502.150391,325800.0
24587.599609,24635.050781,24522.75,24586.699219,305400.0
24615.900391,24661.25,24587.650391,24613.0,283200.0
24543.800781,24837.75,24504.449219,24800.849609,350900.0
24853.800781,24854.800781,24508.150391,24530.900391,343800.0
24445.75,24595.199219,24362.300781,24509.25,324200.0
24568.900391,24582.550781,24074.199219,24479.050781,436400.0
24444.949219,24504.25,24307.25,24413.5,366600.0
24230.949219,24426.150391,24210.800781,24406.099609,391800.0
24423.349609,24861.150391,24410.900391,24834.849609,383800.0
24943.300781,24999.75,24774.599609,24836.099609,355000.0
24839.400391,24971.75,24798.650391,24857.300781,385000.0
24886.699219,24984.599609,24856.5,24951.150391,333600.0
25030.949219,25078.300781,24956.400391,25010.900391,431300.0
24789.0,24851.900391,24686.849609,24717.699219,345000.0
24302.849609,24350.050781,23893.699219,24055.599609,487000.0
24189.849609,24382.599609,23960.400391,23992.550781,312300.0
24289.400391,24337.699219,24184.900391,24297.5,317600.0
24248.550781,24340.5,24079.699219,24117.0,311900.0
24386.849609,24419.75,24311.199219,24367.5,215100.0
24320.050781,24472.800781,24212.099609,24347.0,279900.0
24342.349609,24359.949219,24116.5,24139.0,239700.0
24184.400391,24196.5,24099.699219,24135.0,0.0
